[
  {
    "Id": "0",
    "Name": "DatingGameClassArtifacts v 0.1",
    "DevelopmentStatus": "Alpha",
    "Description": "This package contains everthing you need to run your own class, except for an RDMS, you can use SQL Server 2008 or SQL Azure.  Also it should work on ansi-compliant RDMS's -however we haven't tested this, and would welcome feedback if you do use somthing other than SQL Server.",
    "ReleasedDatge": "0001-01-01T00:00:00",
    "ModifiedDate": "2011-01-06T12:29:08.183-08:00",
    "Files": [
      {
        "Id": "dfb1e9a9-70bc-425c-a4dd-19e104514c09",
        "FileName": "DatingGameClassArtifacts.zip",
        "Url": "./0/dfb1e9a9-70bc-425c-a4dd-19e104514c09",
        "Type": "Source Code",
        "UploadDate": "2011-01-06T12:29:06.653-08:00"
      }
    ]
  },
  {
    "Id": "1",
    "Name": "DatingGameArtifacts v0.02",
    "DevelopmentStatus": "Alpha",
    "Description": "More/Easier steps in the slides.\nEasier cheatsheet printouts",
    "ReleasedDatge": "0001-01-01T00:00:00",
    "ModifiedDate": "2011-07-15T14:51:27.04-07:00",
    "Files": [
      {
        "Id": "9015b663-3a0d-43eb-8a66-bec650baaf08",
        "FileName": "DatingGame.zip",
        "Url": "./1/9015b663-3a0d-43eb-8a66-bec650baaf08",
        "Type": "Application",
        "UploadDate": "2011-07-15T14:51:26.777-07:00"
      }
    ]
  }
]