<?xml version="1.0" encoding="UTF-8"?>
<section name="Workbench">
	<section name="WorkbenchPreferenceDialogSettings">
		<item value="8" key="DIALOG_Y_ORIGIN"/>
		<item value="531" key="DIALOG_X_ORIGIN"/>
	</section>
	<section name="org.eclipse.ui.internal.QuickAccess">
		<item value="450" key="org.eclipse.ui.internal.quickaccess.QuickAccessDialogDIALOG_WIDTH"/>
		<item value="false" key="org.eclipse.ui.internal.quickaccess.QuickAccessDialogDIALOG_USE_PERSISTED_LOCATION"/>
		<item value="445" key="org.eclipse.ui.internal.quickaccess.QuickAccessDialogDIALOG_HEIGHT"/>
		<item value="533" key="dialogHeight"/>
		<item value="960" key="dialogWidth"/>
		<item value="true" key="org.eclipse.ui.internal.quickaccess.QuickAccessDialogDIALOG_USE_PERSISTED_SIZE"/>
		<list key="textEntries">
			<item value="1"/>
			<item value="1"/>
		</list>
		<list key="orderedElements">
			<item value="org.eclipse.ui.texteditor.TemplatesView"/>
			<item value="org.eclipse.ui.views.ResourceNavigator"/>
		</list>
		<list key="orderedProviders">
			<item value="org.eclipse.e4.ui.parts"/>
			<item value="org.eclipse.e4.ui.parts"/>
		</list>
		<list key="textArray">
			<item value="temp"/>
			<item value="navi"/>
		</list>
	</section>
	<section name="InstallationDialogSettings">
		<item value="706" key="DIALOG_WIDTH"/>
		<item value="1|Segoe UI|9.0|0|WINDOWS|1|-12|0|0|0|400|0|0|0|1|0|0|0|0|Segoe UI" key="DIALOG_FONT_NAME"/>
		<item value="743" key="DIALOG_HEIGHT"/>
		<item value="-249" key="DIALOG_Y_ORIGIN"/>
		<item value="-77" key="DIALOG_X_ORIGIN"/>
	</section>
</section>
