<?xml version="1.0" encoding="UTF-8"?>
<section name="Workbench">
	<item value="/Users/genevievelesperance/Documents/tkp_workspace/TeachingKidsProgramming" key="org.eclipse.jdt.ui.codeformatter.loadpath"/>
	<item value="0" key="org.eclipse.jdt.ui.last.selected.jre.kind2"/>
	<section name="org.eclipse.jdt.internal.ui.packageview.PackageExplorerPart">
		<item value="2" key="layout"/>
		<item value="true" key="group_libraries"/>
		<item value="&lt;?xml version=&quot;1.0&quot; encoding=&quot;UTF-8&quot;?&gt;&#x0A;&lt;packageExplorer group_libraries=&quot;1&quot; layout=&quot;2&quot; linkWithEditor=&quot;0&quot; rootMode=&quot;1&quot; workingSetName=&quot;&quot;&gt;&#x0A;&lt;customFilters userDefinedPatternsEnabled=&quot;false&quot;&gt;&#x0A;&lt;xmlDefinedFilters&gt;&#x0A;&lt;child filterId=&quot;org.eclipse.jdt.ui.PackageExplorer.LibraryFilter&quot; isEnabled=&quot;false&quot;/&gt;&#x0A;&lt;child filterId=&quot;org.eclipse.jdt.ui.PackageExplorer.LocalTypesFilter&quot; isEnabled=&quot;false&quot;/&gt;&#x0A;&lt;child filterId=&quot;org.eclipse.jdt.ui.PackageExplorer.StaticsFilter&quot; isEnabled=&quot;false&quot;/&gt;&#x0A;&lt;child filterId=&quot;org.eclipse.jdt.ui.PackageExplorer.ClosedProjectsFilter&quot; isEnabled=&quot;false&quot;/&gt;&#x0A;&lt;child filterId=&quot;org.eclipse.jdt.ui.PackageExplorer.NonSharedProjectsFilter&quot; isEnabled=&quot;false&quot;/&gt;&#x0A;&lt;child filterId=&quot;org.eclipse.jdt.ui.PackageExplorer.NonJavaElementFilter&quot; isEnabled=&quot;false&quot;/&gt;&#x0A;&lt;child filterId=&quot;org.eclipse.jdt.ui.PackageExplorer.ContainedLibraryFilter&quot; isEnabled=&quot;false&quot;/&gt;&#x0A;&lt;child filterId=&quot;org.eclipse.jdt.ui.PackageExplorer.CuAndClassFileFilter&quot; isEnabled=&quot;false&quot;/&gt;&#x0A;&lt;child filterId=&quot;org.eclipse.jdt.ui.PackageExplorer.NonJavaProjectsFilter&quot; isEnabled=&quot;false&quot;/&gt;&#x0A;&lt;child filterId=&quot;org.eclipse.jdt.internal.ui.PackageExplorer.EmptyInnerPackageFilter&quot; isEnabled=&quot;true&quot;/&gt;&#x0A;&lt;child filterId=&quot;org.eclipse.jdt.ui.PackageExplorer.PackageDeclarationFilter&quot; isEnabled=&quot;true&quot;/&gt;&#x0A;&lt;child filterId=&quot;org.eclipse.jdt.internal.ui.PackageExplorer.EmptyPackageFilter&quot; isEnabled=&quot;false&quot;/&gt;&#x0A;&lt;child filterId=&quot;org.eclipse.jdt.ui.PackageExplorer.ImportDeclarationFilter&quot; isEnabled=&quot;true&quot;/&gt;&#x0A;&lt;child filterId=&quot;org.eclipse.jdt.ui.PackageExplorer.FieldsFilter&quot; isEnabled=&quot;false&quot;/&gt;&#x0A;&lt;child filterId=&quot;org.eclipse.jdt.internal.ui.PackageExplorer.HideInnerClassFilesFilter&quot; isEnabled=&quot;true&quot;/&gt;&#x0A;&lt;child filterId=&quot;org.eclipse.jdt.ui.PackageExplorer.NonPublicFilter&quot; isEnabled=&quot;false&quot;/&gt;&#x0A;&lt;child filterId=&quot;org.eclipse.jdt.ui.PackageExplorer_patternFilterId_.*&quot; isEnabled=&quot;true&quot;/&gt;&#x0A;&lt;child filterId=&quot;org.eclipse.jdt.ui.PackageExplorer.EmptyLibraryContainerFilter&quot; isEnabled=&quot;true&quot;/&gt;&#x0A;&lt;child filterId=&quot;org.eclipse.jdt.ui.PackageExplorer.SyntheticMembersFilter&quot; isEnabled=&quot;true&quot;/&gt;&#x0A;&lt;child filterId=&quot;org.eclipse.mylyn.java.ui.MembersFilter&quot; isEnabled=&quot;false&quot;/&gt;&#x0A;&lt;child filterId=&quot;org.eclipse.m2e.MavenModuleFilter&quot; isEnabled=&quot;false&quot;/&gt;&#x0A;&lt;/xmlDefinedFilters&gt;&#x0A;&lt;/customFilters&gt;&#x0A;&lt;/packageExplorer&gt;" key="memento"/>
		<item value="false" key="linkWithEditor"/>
		<item value="1" key="rootMode"/>
	</section>
	<section name="JavaBuildConfigurationBlock">
		<item value="false" key="expanded2"/>
		<item value="false" key="expanded1"/>
		<item value="true" key="expanded0"/>
	</section>
	<section name="org.eclipse.jdt.internal.ui.preferences.EditTemplateDialog_dialogBounds">
		<item value="597" key="DIALOG_WIDTH"/>
		<item value="1|Lucida Grande|11.0|0|COCOA|1|LucidaGrande" key="DIALOG_FONT_NAME"/>
		<item value="261" key="DIALOG_HEIGHT"/>
		<item value="93" key="DIALOG_Y_ORIGIN"/>
		<item value="53" key="DIALOG_X_ORIGIN"/>
	</section>
	<section name="OptionalMessageDialog.hide.">
	</section>
	<section name="BuildPathsPropertyPage">
		<item value="2" key="pageIndex"/>
	</section>
	<section name="quick_assist_proposal_size">
	</section>
	<section name="completion_proposal_size">
	</section>
	<section name="org.eclipse.jdt.internal.ui.dialogs.OpenTypeSelectionDialog2">
		<item value="true" key="ShowStatusLine"/>
		<item value="&lt;?xml version=&quot;1.0&quot; encoding=&quot;UTF-8&quot;?&gt;&#x0A;&lt;workingSet workingSetName=&quot;&quot;/&gt;" key="WorkingSet"/>
		<item value="&lt;?xml version=&quot;1.0&quot; encoding=&quot;UTF-8&quot;?&gt;&#x0A;&lt;History/&gt;" key="History"/>
		<section name="DialogBoundsSettings">
			<item value="600" key="DIALOG_WIDTH"/>
			<item value="1|Lucida Grande|11.0|0|COCOA|1|LucidaGrande" key="DIALOG_FONT_NAME"/>
			<item value="500" key="DIALOG_HEIGHT"/>
			<item value="138" key="DIALOG_Y_ORIGIN"/>
			<item value="540" key="DIALOG_X_ORIGIN"/>
		</section>
	</section>
	<section name="JavaElementSearchActions">
	</section>
</section>
